{
  "chart": {
    "title": "Alcohol and drug use disorders deaths",
    "subtitle": "Estimated annual number of deaths from alcohol and [drug use disorders](#dod:drug_use_disorder).",
    "citation": "World Health Organization (2024)",
    "originalChartUrl": "https://ourworldindata.org/grapher/deaths-from-substance-disorders-who?v=1&csvType=full&useColumnShortNames=false",
    "selection": [
      "South America",
      "North America",
      "Europe",
      "Africa",
      "Asia",
      "Oceania"
    ]
  },
  "columns": {
    "Total deaths from substance use disorders among both sexes": {
      "titleShort": "Total deaths from substance use disorders among both sexes",
      "titleLong": "Total deaths from substance use disorders among both sexes",
      "descriptionShort": "Estimated number of deaths from substance use disorders in both sexes.",
      "descriptionKey": [],
      "shortUnit": "",
      "unit": "deaths",
      "timespan": "2000-2021",
      "type": "Numeric",
      "owidVariableId": 970248,
      "shortName": "death_count__age_group_allages__sex_both_sexes__cause_substance_use_disorders",
      "lastUpdated": "2024-07-30",
      "citationShort": "World Health Organization (2024) – with major processing by Our World in Data",
      "citationLong": "World Health Organization (2024) – with major processing by Our World in Data. “Total deaths from substance use disorders among both sexes” [dataset]. World Health Organization, “Global Health Estimates” [original data].",
      "fullMetadata": "https://api.ourworldindata.org/v1/indicators/970248.metadata.json"
    }
  },
  "dateDownloaded": "2024-11-29"
}